"Year (TD)","Time Division","Utilization"
"2016",".YTD","77.3895904503373"
"2016","FC+3","75.9119503093269"
"2016","FC+6","65.4883700712101"
